Geneid,G1,S,G2M,GG2M,LG,desc,class
Tb927.8.620,7132.5,8285.0,7440.5,8107.0,6494.5,KREPA3,S
Tb927.8.690,4944.5,4761.5,5645.5,6254.0,4536.5,peptidyl-prolyl cis-trans isomerase/rotamase  putative,GG2M
Tb927.8.890,1080.0,832.0,3055.0,5320.5,6321.5,Ras-related protein Rab1A,LG
Tb927.8.940,9735.5,9689.5,10188.0,10446.0,10109.0,Flagella connector protein 1,GG2M
Tb927.8.1110,1615.5,2706.5,1435.5,3796.5,3464.0,40S ribosomal protein S9  putative,GG2M
Tb927.8.1250,3826.5,4884.0,2286.5,3029.0,5532.0,Sel1 repeat  putative,LG
Tb927.8.1600,5812.0,5147.0,4615.0,5570.5,4247.5,lysyl-tRNA synthetase  putative,G1
Tb927.8.1750,1303.5,327.5,543.0,1044.5,893.0,Fe-S cluster assembly protein DRE2,G1
Tb927.8.1790,338.0,160.0,470.5,179.0,3967.0,hypothetical protein  conserved,LG
Tb927.8.1900,3075.5,1357.0,3866.0,2824.0,4855.5,hypothetical protein  conserved,LG
Tb927.8.2090,3741.0,2783.5,5363.5,7808.0,3384.5,cyclophilin type peptidyl-prolyl cis-trans isomerase  putative,GG2M
Tb927.8.2140,483.0,43.0,141.5,717.5,364.0,hypothetical protein  conserved,GG2M
Tb927.8.2150,460.0,1286.0,105.5,2739.5,4984.0,hypothetical protein  conserved,LG
Tb927.8.2200,4921.0,4334.5,4234.0,2728.5,6007.5,terbinafine resistance locus protein (yip1)  putative,LG
Tb927.8.2300,4472.5,2688.5,5105.5,2757.5,7290.0,hypothetical protein  conserved,LG
Tb927.8.2400,4374.0,3453.5,2697.5,1576.5,8556.5,hypothetical protein  conserved,LG
Tb927.8.2480,4046.5,3133.0,2674.5,2791.5,2823.5,3-oxo-5-alpha-steroid 4-dehydrogenase-like  putative,G1
Tb927.8.2600,5778.5,6481.0,5188.5,6339.5,4747.0,WD domain  G-beta repeat/BING4CT (NUC141) domain containing protein  putative,S
Tb927.8.2610,4077.5,5497.5,4110.0,6970.0,6511.0,5-methyltetrahydropteroyltriglutamate-homocysteine S-methyltransferase  putative,GG2M
Tb927.8.2700,2319.0,2535.0,2149.5,5168.5,1647.0,hypothetical protein  conserved,GG2M
Tb927.8.2980,8287.5,8259.0,8945.0,9107.0,3519.5,Bis(5'-adenosyl)-triphosphatase  putative,GG2M
Tb927.8.3160,4516.5,8048.5,3669.5,1590.5,7156.5,hypothetical protein  conserved,S
Tb927.8.3240,2388.0,1302.0,2055.5,515.0,1113.5,lathosterol oxidase  putative,G1
Tb927.8.3270,2812.0,3223.0,3158.0,809.5,4164.5,hypothetical protein,LG
Tb927.8.3360,2382.0,1898.0,2361.5,203.5,3168.5,hypothetical protein  conserved,LG
Tb927.8.3480,1498.0,112.0,733.0,346.5,893.0,hypothetical protein  conserved,G1
Tb927.8.3740,9931.0,10249.0,10414.0,8712.5,1453.5,pterin 4 alpha carbinolamine dehydratase  putative,G2M
Tb927.8.3990,3027.0,1717.5,747.0,326.0,3300.0,hypothetical protein  conserved,LG
Tb927.8.4440,3398.5,1872.0,1608.0,2406.5,3284.0,mitochondrial carrier protein,G1
Tb927.8.4470,4718.0,7824.0,6657.0,7057.5,6508.5,chaperone protein DnaJ  putative,S
Tb927.8.4580,2227.0,874.5,2538.5,2032.5,1597.0,Basal body protein,G2M
Tb927.8.4610,3562.0,3404.5,2102.0,4742.0,1890.5,Ras-related protein RabX1,GG2M
Tb927.8.4850,3118.0,1142.0,2642.5,3498.0,7222.0,hypothetical protein  conserved,LG
Tb927.8.5030,1014.0,954.5,273.0,423.5,364.0,transport protein particle (TRAPP) component  Bet3  putative,G1
Tb927.8.5070,231.0,1037.5,218.0,1499.5,364.0,hypothetical protein  conserved,GG2M
Tb927.8.5270,1483.0,2280.5,795.0,9.0,364.0,hypothetical protein  conserved,S
Tb927.8.5290,6119.0,7106.5,5443.0,3962.0,3122.0,WW domain containing protein  putative,S
Tb927.8.5430,600.5,1261.0,69.0,1002.5,2666.5,Snf7  putative,LG
Tb927.8.5530,2177.5,4352.0,2697.5,1347.5,5125.0,COP9 signalosome complex subunit 5  putative,LG
Tb927.8.5550,493.5,1563.5,743.0,187.5,1615.5,hypothetical protein  conserved,LG
Tb927.8.5720,7535.0,6465.0,6185.5,4844.0,3083.5,tRNA (guanine(37)-N1)-methyltransferase,G1
Tb927.8.5790,2035.5,1606.0,349.0,98.5,5804.0,hypothetical protein,LG
Tb927.8.5860,187.5,96.0,112.5,534.5,364.0,mitochondrial ribosomal protein L17,GG2M
Tb927.8.5870,764.5,2844.5,2865.5,1438.0,4100.5,hypothetical protein  conserved,LG
Tb927.8.5910,6097.5,7864.5,7306.5,5704.5,5881.5,hypothetical protein,S
Tb927.8.6040,1309.0,605.0,1063.5,450.0,2508.5,kinetoplast ribosomal PPR-repeat containing protein 11,LG
Tb927.8.6070,7952.0,8597.5,9315.5,10243.0,5675.5,Trypanosome basal body component protein,GG2M
Tb927.8.6110,4913.5,3095.5,5725.0,4157.5,2553.5,3-hydroxy-3-methylglutaryl-CoA synthase  putative,G2M
Tb927.8.6140,1350.0,1518.0,1979.0,3868.0,1539.0,Galactose oxidase  central domain/Kelch motif containing protein  putative,GG2M
Tb927.8.6230,2926.5,1634.0,2653.0,4139.5,2374.0,hypothetical protein  conserved,GG2M
Tb927.8.6420,4602.5,2655.5,2315.5,901.5,4472.5,beta-ketoacyl-ACP reductase 2,G1
Tb927.8.6890,1112.5,1246.5,1166.5,1441.0,364.0,putative succinate dehydrogenase subunit,GG2M
Tb927.8.6910,5383.5,6194.5,6072.5,5093.0,3439.0,cyclophilin  putative,S
Tb927.8.7280,7787.0,7291.0,6537.5,8940.0,6956.0,emp24/gp25L/p24 family/GOLD  putative,GG2M
Tb927.8.7550,3676.5,3048.0,684.0,4438.0,364.0,hypothetical protein,GG2M
Tb927.8.8090,2585.0,1860.5,2966.0,2764.5,2854.5,UDP-Gal or UDP-GlcNAc-dependent glycosyltransferase  putative,G2M
Tb927.8.8300,1920.5,2135.5,3042.0,3954.0,2834.0,amino acid transporter  putative,GG2M
Tb927.7.540,3899.5,1153.0,3209.0,2418.5,893.0,chaperone protein DnaJ  putative,G1
Tb927.7.550,7507.5,6833.5,8949.0,8228.5,6461.0,WD domain  G-beta repeat  putative,G2M
Tb927.7.710,1885.0,2039.0,2952.5,1323.0,3470.5,heat shock 70 kDa protein  putative,LG
Tb927.7.840,4384.5,3754.0,4134.5,6346.0,1651.5,Mitochondrial ATP synthase subunit  putative,GG2M
Tb927.7.1010,1369.5,179.0,458.5,367.5,364.0,hypothetical protein  conserved,G1
Tb927.7.1080,7056.5,6929.0,7786.0,6158.0,7416.0,hypothetical protein  conserved,G2M
Tb927.7.1090,7627.5,5440.5,5050.0,6076.5,9377.5,DNA repair protein RAD5  putative,LG
Tb927.7.1170,938.0,1512.0,1197.0,1347.5,364.0,RNA-binding protein Y14,S
Tb927.7.1380,540.0,908.0,1608.0,724.5,5869.0,hypothetical protein  conserved,LG
Tb927.7.1890,3121.0,5386.0,3227.5,4658.5,1113.5,hypothetical protein  conserved,S
Tb927.7.2040,7536.5,6924.0,5412.0,6791.5,8034.0,hypothetical protein  conserved,LG
Tb927.7.2160,1963.5,2221.5,3239.0,3890.0,4889.0,hypothetical protein  conserved,LG
Tb927.7.2230,3471.5,3234.5,3077.5,4522.5,364.0,mitochondrial carrier protein  putative,GG2M
Tb927.7.2240,3355.0,2267.5,2320.5,5734.0,364.0,hypothetical protein  conserved,GG2M
Tb927.7.2400,4587.0,4601.5,2280.5,3619.5,2754.0,tyrosyl-tRNA synthetase  putative,S
Tb927.7.2440,4022.0,3336.5,4460.5,2718.5,2060.0,pyrroline-5-carboxylate reductase  putative,G2M
Tb927.7.2500,1356.0,1643.0,4141.5,2916.5,3721.5,proteasome regulatory ATPase subunit 1,G2M
Tb927.7.2550,3014.5,4348.5,4333.5,6335.0,4483.5,proteasome regulatory ATPase subunit 5,GG2M
Tb927.7.2620,301.5,745.0,357.5,253.0,5595.0,SSU ribosomal protein  mitochondrial  putative,LG
Tb927.7.2740,1815.0,1973.0,2570.5,4768.5,3128.0,hypothetical protein  conserved,GG2M
Tb927.7.2950,6003.0,5993.0,7516.5,6886.5,4390.0,ATPase family associated with various cellular activities (AAA)  putative,G2M
Tb927.7.3120,395.5,697.5,1138.5,3619.5,2953.5,small nuclear ribonucleoprotein SmD1,GG2M
Tb927.7.3540,5225.5,2995.5,3739.0,3998.5,4001.5,hypothetical protein  conserved,G1
Tb927.7.3680,354.0,397.0,1161.0,483.5,6486.5,ubiquitin/ribosomal protein S27a  putative,LG
Tb927.7.3840,808.0,413.5,101.0,152.0,893.0,kinesin-like protein  fragment  putative,LG
Tb927.7.3870,2229.5,1169.0,3060.5,1819.5,364.0,hypothetical protein  conserved,G2M
Tb927.7.3900,605.5,10.5,73.0,1508.0,3462.5,vacuolar transporter chaperone  putative,LG
Tb927.7.4190,2423.5,2066.5,3711.5,1441.0,364.0,zinc finger domain  LSD1 subclass  putative,G2M
Tb927.7.4290,348.0,1865.0,2396.0,3595.0,893.0,Nuclear distribution protein C homolog,GG2M
Tb927.7.4340,8073.0,7119.5,6950.5,8620.5,7218.0,Protein of unknown function (DUF1253)  putative,GG2M
Tb927.7.4700,723.0,186.0,1870.0,3601.0,1659.5,WD domain  G-beta repeat  putative,GG2M
Tb927.7.4720,513.0,1413.0,1839.0,1696.0,5309.0,hypothetical protein,LG
Tb927.7.5040,4404.5,4865.5,7473.5,8893.5,5459.0,kinesin  putative,GG2M
Tb927.7.5070,500.0,258.0,357.5,3549.5,2697.0,hypothetical protein,GG2M
Tb927.7.5160,2434.0,2852.5,752.0,2044.5,2362.0,deoxyuridine triphosphatase  putative,S
Tb927.7.5170,2714.0,4749.5,2310.5,1525.5,3582.5,60S ribosomal protein L25,S
Tb927.7.5270,1075.5,3402.0,2194.5,139.5,4436.0,hypothetical protein  conserved,LG
Tb927.7.5460,4290.5,6686.5,6558.5,4596.5,3251.0,exosome-associated protein 3,S
Tb927.7.5550,5876.5,6451.0,6957.5,4581.0,6980.5,TLD  putative,LG
Tb927.7.5790,1725.5,1081.5,2123.5,2932.0,3326.5,protein disulfide isomerase  putative,LG
Tb927.7.5830,439.0,529.0,895.0,3061.5,1419.0,hypothetical protein  conserved,GG2M
Tb927.7.5860,960.0,438.5,245.0,1215.5,893.0,hypothetical protein,GG2M
Tb927.7.5870,466.5,37.5,149.0,219.0,2267.0,hypothetical protein  conserved,LG
Tb927.7.6090,1885.0,894.0,2361.5,4326.0,1113.5,eukaryotic translation initiation factor 3 subunit a,GG2M
Tb927.7.6150,2525.0,2020.5,1745.5,1083.5,2141.5,Protein of unknown function (DUF3522)  putative,G1
Tb927.7.6250,6954.5,7503.0,7216.5,6795.0,4230.5,Centrosomal protein of 120 kDa  putative,S
Tb927.7.6330,133.0,703.5,939.5,643.5,4571.0,hypothetical protein,LG
Tb927.7.6360,874.5,1464.0,4195.5,3865.0,5239.5,histone H2A variant Z,LG
Tb927.7.6450,5574.5,5920.0,6018.0,5284.0,6038.5,tRNA-dihydrouridine synthase 3  putative,LG
Tb927.7.6740,4031.0,4707.0,5931.5,6091.5,1195.0,ATPase family associated with various cellular activities (AAA)  putative,GG2M
Tb927.7.6820,1174.0,1229.5,2000.5,1760.5,2465.0,hypothetical protein  conserved,LG
Tb927.7.7080,3127.5,3181.0,4008.0,3308.0,5570.5,mitochondrial glycoprotein-like protein,LG
Tb927.7.7090,3011.0,1281.0,1735.0,1340.0,4031.0,hypothetical protein  conserved,LG
Tb927.7.7120,8954.0,9696.0,9183.0,8630.0,7018.0,kinesin  putative,S
Tb927.7.7320,3375.0,4112.5,3825.5,3518.5,2915.5,hypothetical protein  conserved,S
Tb927.7.7450,4313.0,3387.5,3512.0,1754.5,1865.0,GTP-binding protein  putative,G1
Tb927.4.440,2628.0,1302.0,1025.5,3527.0,2267.0,NADH:ubiquinone oxidoreductase  ESSS subunit  putative,GG2M
Tb927.4.660,4921.0,8146.0,7734.5,8987.5,893.0,hypothetical protein  conserved,GG2M
Tb927.4.680,2123.5,2117.0,1501.5,575.0,3602.0,hypothetical protein  conserved,LG
Tb927.4.690,4143.5,2972.5,2586.0,2617.0,2910.0,geranylgeranyl transferase type II beta subunit  putative,G1
Tb927.4.750,4279.5,2824.5,1990.5,3710.0,3211.0,50S ribosomal protein L7Ae  putative,G1
Tb927.4.790,1127.0,1088.5,2468.5,1102.0,2741.5,hypothetical protein  conserved,LG
Tb927.4.840,1483.0,1337.0,1320.0,1847.5,3050.5,Histidine kinase-  DNA gyrase B-  and HSP90-like ATPase  putative,LG
Tb927.4.860,51.5,356.0,218.0,1650.0,364.0,hypothetical protein  conserved,GG2M
Tb927.4.930,3585.0,2389.5,2505.0,4160.5,4337.0,Mitochondrial ribosomal protein L14,LG
Tb927.4.1120,6818.5,4396.5,5693.5,4498.0,2725.5,hypothetical protein  conserved,G1
Tb927.4.1190,1933.0,832.0,3817.5,2270.5,2148.0,LicD family  putative,G2M
Tb927.4.1520,1999.5,372.5,1068.5,20.5,1819.0,Simiate family protein  putative,G1
Tb927.4.1590,6125.0,5531.0,7400.5,5563.5,9576.0,Present in the outer mitochondrial membrane proteome 28,LG
Tb927.4.1670,411.0,1237.5,642.0,1192.5,364.0,cytochrome b5-like Heme/Steroid binding domain containing protein  putative,S
Tb927.4.1730,1207.0,763.5,38.5,2657.0,1113.5,Nucleus and spindle associated protein 4,GG2M
Tb927.4.1830,5852.0,9519.5,8039.5,4919.0,5775.5,Urm1 (Ubiquitin related modifier)  putative,S
Tb927.4.1850,2146.0,3162.0,1047.0,6565.5,3801.0,hypothetical protein  conserved,GG2M
Tb927.4.1870,2964.5,3550.0,5457.0,2546.0,7907.0,Serine/threonine-protein phosphatase 2A catalytic subunit  putative,LG
Tb927.4.1920,1904.0,2961.0,2274.0,1824.5,1639.5,GPI transamidase subunit 16  putative,S
Tb927.4.2120,1137.0,251.0,433.5,795.5,1297.0,hypothetical protein  conserved,LG
Tb927.4.2180,4067.0,3422.0,2910.0,1877.0,364.0,60S ribosomal protein L35a  putative,G1
Tb927.4.2190,385.5,1967.5,1118.5,3890.0,1237.0,GTP-binding protein  putative,GG2M
Tb927.4.2220,3962.5,6654.5,7650.0,8087.5,7999.0,TPR-repeat-containing chaperone protein DNAJ  putative,GG2M
Tb927.4.2250,2229.5,3289.5,4983.5,839.0,5848.5,hypothetical protein  conserved,LG
Tb927.4.2260,109.0,1302.0,1828.0,4056.0,3331.5,centrin-1,GG2M
Tb927.4.2620,2453.0,1602.5,889.5,2492.5,3639.5,hypothetical protein  conserved,LG
Tb927.4.2840,313.0,607.5,30.5,29.0,893.0,hypothetical protein  conserved,LG
Tb927.4.2940,611.0,1142.0,1494.5,78.5,1961.5,hypothetical protein  conserved,LG
Tb927.4.2970,2423.5,1685.0,2598.5,580.0,1679.0,chaperone protein DnaJ  putative,G2M
Tb927.4.2980,225.5,579.5,706.5,534.5,1493.0,hypothetical protein  conserved,LG
Tb927.4.3130,1174.0,2701.0,1556.0,3275.0,364.0,Component of motile flagella 18,GG2M
Tb927.4.3210,7277.0,9195.0,9513.5,9422.0,2666.5,ESAG11-related protein  putative,G2M
Tb927.4.3270,6491.0,5712.5,4645.0,367.5,3218.5,ESAG11-related protein  putative,G1
Tb927.4.3560,1452.5,1075.0,570.5,2230.0,2710.0,protein phoshatase 1  putative,LG
Tb927.4.3660,4185.0,5318.5,6201.5,2028.5,5263.0,hypothetical protein  conserved,G2M
Tb927.4.4640,2077.5,3188.0,1369.5,101.5,2707.5,hypothetical protein  conserved,S
Tb927.4.4990,1343.5,321.5,1608.0,1215.5,364.0,ubiquinol-cytochrome c reductase  putative,G2M
Tb927.4.5000,3031.0,3362.0,2286.5,8933.0,1763.0,TerD domain containing protein  putative,GG2M
Tb927.4.5160,432.0,1409.0,1270.0,299.5,5112.5,hypothetical protein  conserved,LG
Tb927.4.5170,2070.5,2243.5,3615.0,2109.0,5501.0,ribosomal protein L7/L12  putative,LG
Tb927.4.5200,1252.0,1726.5,2046.0,3407.5,1899.0,Nucleoporin NUP62,GG2M
Tb927.4.5220,1908.0,2128.5,2889.0,1729.5,1473.0,hypothetical protein,G2M
Tb927.5.580,3011.0,3102.5,4224.5,10356.0,4892.0,prefoldin subunit  putative,GG2M
Tb927.5.590,2092.0,2050.0,3714.5,6609.0,5484.0,protein phosphatase 1  regulatory subunit  putative,GG2M
Tb927.5.620,1198.0,1321.5,2310.5,2728.5,1534.0,invariant surface glycoprotein  putative,GG2M
Tb927.5.670,3518.5,2133.0,3879.5,2991.0,2519.5,hypothetical protein  conserved,G2M
Tb927.5.990,2705.5,644.0,249.5,601.0,364.0,hypothetical protein  conserved,G1
Tb927.5.1000,998.0,2054.5,2895.5,6511.0,1113.5,ubiquitin-conjugating enzyme E2  putative,GG2M
Tb927.5.1150,3751.0,6097.0,4348.0,6359.0,7986.0,RNA helicase Prp43,LG
Tb927.5.1670,2344.5,5455.0,4257.5,6487.5,1311.0,hypothetical protein  conserved,GG2M
Tb927.5.1750,4658.5,3624.0,4431.0,4229.5,2131.5,conserved protein  unknown function,G1
Tb927.5.1940,348.0,472.0,1313.5,46.0,893.0,hypothetical protein  conserved,G2M
Tb927.5.2010,1885.0,703.5,1192.5,1884.0,1297.0,hypothetical protein,G1
Tb927.5.2040,780.0,879.5,1346.0,3894.5,4152.5,hypothetical protein  conserved,LG
Tb927.5.2380,2281.0,3655.5,3652.0,3897.5,5146.0,hydrolase  alpha/beta fold family  putative,LG
Tb927.5.2640,1894.5,421.5,712.5,1696.0,4322.5,nicotinamide/nicotinic acid mononucleotide adenylyltransferase,LG
Tb927.5.2670,3743.0,3702.0,2138.0,561.0,3578.5,hypothetical protein  conserved,G1
Tb927.5.2690,2899.5,3970.5,2402.5,3640.0,3447.5,inositol-1(or 4)-monophosphatase 1  putative,S
Tb927.5.2740,3171.0,927.0,2450.0,1027.5,3556.5,Rab-GTPase-TBC domain containing protein  putative,LG
Tb927.5.2760,4974.5,4318.0,4110.0,3981.0,6551.0,UDP-Gal or UDP-GlcNAc-dependent glycosyltransferase  putative,LG
Tb927.5.2770,4982.0,3546.0,3274.5,5267.5,1195.0,SET domain containing protein  putative,GG2M
Tb927.5.2790,3893.0,5239.0,3674.5,6206.0,9619.0,mitochondrial DNA polymerase beta-PAK,LG
Tb927.5.2910,1108.5,644.0,1772.5,478.0,2842.5,hypothetical protein  conserved,LG
Tb927.5.3020,3751.0,2020.5,2243.5,2739.5,6433.0,hypothetical protein  conserved,LG
Tb927.5.3040,78.0,119.0,752.0,58.0,1942.0,MIX protein,LG
Tb927.5.3120,3969.5,3133.0,3694.0,951.5,364.0,eukaryotic translation initiation factor 2 beta subunit  putative,G1
Tb927.5.3180,3359.0,2856.0,3866.0,3037.0,364.0,hypothetical protein  conserved,G2M
Tb927.5.3190,3621.5,7545.0,9249.0,5125.5,7303.0,hypothetical protein  conserved,G2M
Tb927.5.3410,2388.0,5583.5,2055.5,1779.0,4318.0,Mitochondrial ribosomal protein L9,S
Tb927.5.3520,741.5,1242.5,1032.5,128.0,1974.5,queuine tRNA-ribosyltransferase  putative,LG
Tb927.5.3540,4893.5,6039.5,4227.5,2904.0,2712.5,Meckelin (Transmembrane protein 67)  putative,S
Tb927.5.3560,1972.0,1726.5,3390.5,6591.5,893.0,vesicle-associated membrane protein  putative,GG2M
Tb927.5.3640,31.0,1656.0,3077.5,9.0,893.0,Mitochondrial SSU ribosomal protein  putative,G2M
Tb927.5.3690,3871.5,4271.5,5506.0,3064.0,5510.5,hypothetical protein  conserved,LG
Tb927.5.3910,2215.0,1490.5,177.5,877.5,3042.5,small nuclear RNA-activating protein,LG
Tb927.5.3950,2678.5,2239.5,3077.5,4018.5,1512.5,2OG-Fe(II) oxygenase superfamily  putative,GG2M
Tb927.5.4000,2448.0,3609.0,2510.0,4224.5,4221.5,hypothetical protein,GG2M
Tb927.5.4070,5500.5,6272.5,2664.0,243.0,1282.0,PrimPol-like protein 1,S
Tb927.5.4170,109.0,680.5,343.5,1772.0,2604.0,histone H4  putative,LG
Tb927.5.4290,4676.5,3325.5,1870.0,133.0,1885.0,hypothetical protein  conserved,G1
Tb927.5.4410,53.0,927.0,727.0,1637.0,364.0,hypothetical protein  conserved,GG2M
Tb927.9.1790,17.0,2060.5,533.5,1118.0,2796.5,hypothetical protein  conserved,LG
Tb927.9.1950,1388.0,491.0,231.5,616.5,364.0,NADH dehydrogenase (ubiquinone) 1 alpha subcomplex subunit  putative,G1
Tb927.9.2470,1807.0,908.0,2310.5,5479.0,1402.5,nucleolar protein,GG2M
Tb927.9.2910,7527.5,6018.0,8055.5,7431.5,893.0,histone acetyltransferase subunit NuA4  putative,G2M
Tb927.9.3370,3820.0,5221.0,5875.0,3423.0,2029.5,thioredoxin,G2M
Tb927.9.3550,2238.5,4122.5,4733.0,5828.0,5391.5,hypothetical protein  conserved,GG2M
Tb927.9.3760,4353.0,5377.5,4490.0,2000.5,3546.0,Nucleoporin GLE2,S
Tb927.9.3780,3479.5,5273.0,3353.0,2134.5,364.0,Mitochondrial pyruvate carrier 1,S
Tb927.9.3820,5481.5,4122.5,3537.5,3504.0,1564.0,syntaxin  putative,G1
Tb927.9.3920,2645.5,1997.5,874.5,5495.5,5814.5,ribosomal protein S7  putative,LG
Tb927.9.4620,5657.5,7503.0,6314.0,7072.0,4445.5,NEDD8 activating enzyme subunit  putative,S
Tb927.9.4960,2289.0,947.5,1188.5,946.5,364.0,hypothetical protein  conserved,G1
Tb927.9.5630,8178.5,8027.5,7818.0,8724.0,6735.0,KREPB7,GG2M
Tb927.9.5710,650.5,136.0,335.0,915.0,2500.5,general transcription factor IIB,LG
Tb927.9.6760,513.0,9.0,63.0,305.0,2329.0,hypothetical protein  conserved,LG
Tb927.9.7160,2303.5,1215.5,864.5,1493.0,1862.0,hypothetical protein  conserved,G1
Tb927.9.7250,1027.0,131.0,525.5,262.0,1237.0,hypothetical protein  conserved,LG
Tb927.9.7670,2074.0,1678.5,2119.0,1977.0,2278.5,hypothetical protein  conserved,LG
Tb927.9.8580,382.5,84.5,1007.5,326.0,1872.5,hypothetical protein  conserved,LG
Tb927.9.8850,9438.5,9231.0,9051.5,7927.5,8828.0,actin A,G1
Tb927.9.9080,3693.0,4566.5,5676.5,1922.5,893.0,Present in the outer mitochondrial membrane proteome 5,G2M
Tb927.9.9610,918.5,2664.5,1374.5,2007.5,364.0,hypothetical protein  conserved,S
Tb927.9.9740,9297.5,8651.5,9661.0,10379.0,10487.0,AMP deaminase  putative,LG
Tb927.9.10000,6780.5,4831.5,4882.0,7760.0,4822.0,hypothetical protein  conserved,GG2M
Tb927.9.10050,4481.0,2787.0,2478.5,5255.0,1667.5,60Kd inner membrane protein  putative,GG2M
Tb927.9.10150,5480.0,6189.5,7437.0,6086.0,5258.0,hypothetical protein  conserved,G2M
Tb927.9.10160,2674.0,1148.5,2552.0,3162.5,2794.0,MICOS complex subunit MIC60,GG2M
Tb927.9.10170,3217.0,751.5,984.5,737.0,1327.5,anaphase-promoting complex subunit 11,G1
Tb927.9.10230,6982.5,6039.5,5511.5,5140.5,5564.0,Co-chaperone protein P23,G1
Tb927.9.10580,4539.0,3677.5,4234.0,5249.0,7641.0,3-demethylubiquinone-9 3-methyltransferase  putative,LG
Tb927.9.10680,6410.5,5382.5,4710.5,5920.5,1297.0,RNA polymerase III RPC4  putative,G1
Tb927.9.11000,6979.0,4805.0,5582.0,5230.0,7276.5,ras-related protein RAB7  putative,LG
Tb927.9.11360,1955.0,822.5,1166.5,206.5,364.0,hypothetical protein  conserved,G1
Tb927.9.11840,2921.5,1584.5,996.0,3826.5,3910.0,pre-rRNA-processing protein PNO1  putative,LG
Tb927.9.12280,710.0,3.0,17.5,408.5,2704.5,hypothetical protein  conserved,LG
Tb927.9.12720,6568.5,6080.0,6079.5,2321.0,8107.0,Ribonuclease D,LG
Tb927.9.12870,109.0,210.5,610.5,258.5,2553.5,trafficking protein particle complex subunit 1  putative,LG
Tb927.9.12990,6042.0,6654.5,6718.5,9647.0,4670.0,hypothetical protein  conserved,GG2M
Tb927.9.13070,1855.5,2011.0,2739.0,1891.5,364.0,Heat shock factor binding 1 domain-containing protein,G2M
Tb927.9.13100,19.0,532.5,126.5,423.5,364.0,ankyrin repeat protein  putative,S
Tb927.9.13200,4245.5,2894.5,4772.5,2336.0,4841.5,hypothetical protein,LG
Tb927.9.13280,5541.0,3097.5,1631.5,1258.5,6940.5,Double RNA binding domain protein 9,LG
Tb927.9.14160,2369.0,3392.5,4944.5,3566.5,4697.0,rieske iron-sulfur protein  mitochondrial precursor,G2M
Tb927.9.14230,3147.5,5225.5,4639.0,5074.0,4558.0,hypothetical protein  conserved,S
Tb927.9.14480,475.0,234.0,1094.5,2164.5,1978.0,dynein-associated protein  putative,GG2M
Tb927.9.15060,4408.0,5619.5,5918.5,7489.5,364.0,rRNA processing protein  putative,GG2M
Tb927.9.15740,685.0,391.5,1173.0,470.0,2442.5,hypothetical protein  conserved,LG
Tb927.9.16950,1874.0,1948.5,3428.0,2492.5,3673.5,hypothetical protein,LG
Tb927.9.17670,2969.5,3998.0,4625.0,2164.5,4114.5,hypothetical protein  conserved,G2M
Tb927.10.150,1517.0,1584.5,3512.0,2660.5,893.0,hypothetical protein  conserved,G2M
Tb927.10.670,2018.0,603.0,209.0,800.0,364.0,hypothetical protein  conserved,G1
Tb927.10.760,2113.5,2236.0,667.5,1493.0,364.0,hypothetical protein  conserved,S
Tb927.10.790,8023.5,8668.5,8234.5,5723.0,5925.5,vesicle-associated membrane protein  putative,S
Tb927.10.810,6082.5,6304.5,4300.5,2204.0,4270.5,Pentatricopeptide repeat protein (PPR)  putative,S
Tb927.10.960,4998.5,2449.5,4342.5,4221.0,6297.0,U4/U6-specific protein PRP4,LG
Tb927.10.990,1036.0,1611.5,1625.0,255.5,364.0,Enriched in surface-labeled proteome protein 6,G2M
Tb927.10.1250,136.0,789.0,60.0,809.5,893.0,Aminoacyl-tRNA editing domain containing protein  putative,LG
Tb927.10.1490,3871.5,2655.5,1811.5,6921.0,1493.0,Temperature dependent protein affecting M2 dsRNA replication  putative,GG2M
Tb927.10.1520,3482.5,3165.0,5274.5,4812.0,1473.0,ras-related protein Rab21  putative,G2M
Tb927.10.1560,8384.0,6748.5,6185.5,6036.0,7567.0,Nucleolar protein 91,G1
Tb927.10.1770,3071.0,3261.0,2729.5,1423.5,1578.5,hypothetical protein,S
Tb927.10.1830,2494.0,2867.5,1853.0,2182.5,4337.0,syntaxin  putative,LG
Tb927.10.1840,4284.0,2267.5,3042.0,2097.5,7668.0,hypothetical protein  conserved,LG
Tb927.10.2050,1406.5,2206.5,570.5,1542.0,3270.0,hypothetical protein  conserved,LG
Tb927.10.2440,5903.0,5396.5,4381.0,2744.5,1735.5,Metacaspase-4,G1
Tb927.10.2660,754.0,1965.0,1068.5,6393.0,364.0,hypothetical protein  conserved,GG2M
Tb927.10.2670,3962.5,4122.5,5319.5,9366.5,364.0,hypothetical protein  conserved,GG2M
Tb927.10.2710,267.5,783.0,389.0,956.0,364.0,ferredoxin  putative,GG2M
Tb927.10.2760,3832.0,2875.0,1922.0,746.5,1358.0,ATPase family associated with various cellular activities (AAA)  putative,G1
Tb927.10.2910,1023.0,2054.5,1386.0,152.0,364.0,splicing factor PTSR1 interacting protein,S
Tb927.10.2960,4776.5,3949.0,3895.5,2798.5,4523.5,Translation factor GUF1  mitochondrial  putative,G1
Tb927.10.2970,2092.0,502.0,1459.0,2517.0,6726.0,hypothetical protein  conserved,LG
Tb927.10.3050,7434.0,5346.0,5169.0,2739.5,6024.0,hypothetical protein,G1
Tb927.10.3170,2881.5,1315.0,2003.5,1702.5,8469.5,ABC transporter  putative,LG
Tb927.10.3210,7974.5,10025.0,8955.0,9182.5,893.0,delta-1-pyrroline-5-carboxylate dehydrogenase  putative,S
Tb927.10.3290,5286.0,5836.0,6204.0,6856.0,893.0,hypothetical protein  conserved,GG2M
Tb927.10.3560,1399.5,2050.0,2190.5,392.5,364.0,arginine N-methyltransferase  putative,G2M
Tb927.10.3570,1088.5,455.0,859.5,2567.0,1113.5,RNA editing exonuclease 2,GG2M
Tb927.10.3850,1904.0,1905.0,1535.0,2249.5,5426.0,hypothetical protein  conserved,LG
Tb927.10.4000,1491.5,1563.5,1782.5,2455.0,1440.0,methylglutaconyl-CoA hydratase  mitochondrial precursor  putative,GG2M
Tb927.10.4190,4418.0,4016.0,5059.5,4928.0,1113.5,hypothetical protein,G2M
Tb927.10.4230,1097.5,2296.5,1020.0,1977.0,2685.0,hypothetical protein  conserved,LG
Tb927.10.4540,1375.0,2569.5,1459.0,3382.5,364.0,ARP2/3 complex subunit  putative,GG2M
Tb927.10.4850,1752.5,2490.5,1570.5,2468.0,1113.5,hypothetical protein  conserved,S
Tb927.10.4970,1285.0,636.0,525.5,120.0,364.0,hypothetical protein  conserved,G1
Tb927.10.5180,2781.5,3823.5,5379.5,3662.5,3934.0,TPR-repeat-containing chaperone protein DNAJ  putative,G2M
Tb927.10.5200,1123.0,1656.0,1542.0,3741.5,2842.5,hypothetical protein  conserved,GG2M
Tb927.10.5470,3301.5,1455.0,939.5,4886.0,364.0,hypothetical protein  conserved,GG2M
Tb927.10.5590,9223.0,8474.0,9681.0,8365.5,9657.0,protein phosphatase 2C  putative,G2M
Tb927.10.5600,3101.5,1828.0,2062.0,4172.0,6033.0,hypothetical protein  conserved,LG
Tb927.10.5610,41.0,384.0,105.5,266.5,364.0,40S ribosomal protein S9  putative,S
Tb927.10.5760,1009.0,230.0,236.0,2249.5,893.0,adenylate kinase  putative,GG2M
Tb927.10.5890,3413.5,6791.5,7689.0,3925.5,6026.5,Galactose oxidase  central domain containing protein  putative,G2M
Tb927.10.6200,1227.5,472.0,1515.5,863.0,893.0,hypothetical protein  conserved,G2M
Tb927.10.6450,2793.0,2027.0,3005.5,123.5,364.0,2OG-Fe(II) oxygenase superfamily  putative,G2M
Tb927.10.6480,3897.0,4538.5,1454.0,608.0,4733.5,hypothetical protein  conserved,LG
Tb927.10.6630,2471.0,816.0,417.5,58.0,3505.5,ATP-dependent RNA helicase DBP2A  putative,LG
Tb927.10.6640,15.0,590.5,1273.5,48.5,364.0,transmembrane emp24 domain-containing protein,G2M
Tb927.10.6710,2013.0,935.0,623.5,1986.5,1282.0,hypothetical protein  conserved,G1
Tb927.10.6810,3097.5,1868.5,3526.5,5058.5,3241.0,guanylate kinase  putative,GG2M
Tb927.10.7010,4948.0,5114.5,3746.0,3399.0,4756.0,hypothetical protein  conserved,S
Tb927.10.7030,1230.5,1580.5,173.5,356.0,2200.0,hypothetical protein  conserved,LG
Tb927.10.7090,3915.0,3438.0,1723.5,3522.5,3593.5,Alternative oxidase  mitochondrial,G1
Tb927.10.7110,1054.5,1919.0,2051.0,845.5,3050.5,Myo-inositol 1-phosphate synthase,LG
Tb927.10.7160,7928.0,6171.5,6345.0,6490.0,8667.0,procyclin-associated gene 1 (PAG1) protein  putative,LG
Tb927.10.7390,1137.0,740.5,1608.0,1371.5,2584.5,PHF5-like protein  putative,LG
Tb927.10.7450,1397.0,545.5,2021.5,1772.0,364.0,Ribosomal RNA processing protein 41A,G2M
Tb927.10.7710,1774.5,2625.0,869.0,1535.5,7905.0,40S ribosomal protein S8  putative,LG
Tb927.10.8140,1319.5,1123.0,441.5,375.0,364.0,EVE domain containing protein  putative,G1
Tb927.10.8220,5966.0,5287.5,5133.5,8024.0,2596.5,hypothetical protein  conserved,GG2M
Tb927.10.8330,7.0,397.0,478.5,1394.5,2790.5,S. cerevisiae PSP1 homologue  putative,LG
Tb927.10.8560,986.5,17.0,465.0,253.0,364.0,small GTPase  putative,G1
Tb927.10.8630,1014.0,421.5,517.5,2553.0,5121.5,Sucrase/ferredoxin-like  putative,LG
Tb927.10.8700,432.0,569.5,11.5,174.5,364.0,selenoprotein  putative,S
Tb927.10.8710,3693.0,3380.5,4279.0,3723.0,364.0,centrin-3,G2M
Tb927.10.8820,7600.5,8691.0,9291.5,9779.0,8031.0,hook complex protein  conserved,GG2M
Tb927.10.9220,3154.5,2217.0,3337.5,2973.0,3925.0,hypothetical protein  conserved,LG
Tb927.10.9230,6663.5,5293.0,5868.0,7926.0,3853.0,beta adaptin  putative,GG2M
Tb927.10.9410,136.0,525.0,478.5,1134.5,893.0,Selenophosphate synthetase 2,GG2M
Tb927.10.9430,6743.0,4290.0,5178.5,2254.0,3160.5,phosphoribosylpyrophosphate synthetase  putative,G1
Tb927.10.9820,4617.0,6657.5,3751.5,3902.0,5785.0,mitochondrial intermediate peptidase,S
Tb927.10.10010,2544.0,3965.0,2966.0,2260.5,4957.5,mRNA turnover protein 4 homolog  putative,LG
Tb927.10.10390,5151.5,8753.5,5100.0,6400.0,5977.5,trypanothione reductase,S
Tb927.10.10400,2333.5,2839.0,7177.5,4552.5,4184.5,Mitochondrial ribosomal protein S11,G2M
Tb927.10.10690,115.5,28.0,511.5,413.0,364.0,CEP19-like protein  putative,G2M
Tb927.10.10740,6349.0,6091.0,4389.0,3588.0,5179.0,hypothetical protein  conserved,G1
Tb927.10.10770,3826.5,5698.0,4453.0,6979.5,9750.0,Generative cell specific 1 protein  putative,LG
Tb927.10.10980,2355.5,1814.0,2692.0,2236.0,2649.0,heat shock protein 90  putative,G2M
Tb927.10.11100,2140.0,2545.0,743.0,5387.5,6383.0,deoxyribodipyrimidine photo-lyase  putative,LG
Tb927.10.11160,6520.0,9192.0,9025.0,3326.5,893.0,NFU2 iron-sulfur cluster scaffold homolog  mitochondrial,S
Tb927.10.11190,2113.5,687.0,2094.0,490.5,4327.5,tRNA-splicing ligase RtcB  putative,LG
Tb927.10.11670,3107.0,2737.0,3530.5,1403.0,5099.0,hypothetical protein  conserved,LG
Tb927.10.11710,523.0,29.0,69.0,29.0,3176.5,hypothetical protein,LG
Tb927.10.11750,2605.5,1545.5,1965.5,403.0,7044.0,hypothetical protein  conserved,LG
Tb927.10.11770,1528.0,2725.0,3570.0,2182.5,5259.5,succinate dehydrogenase cytochrome B subunit,LG
Tb927.10.12050,1202.5,1868.5,1132.5,147.0,364.0,LSU ribosomal protein  mitochondrial  putative,S
Tb927.10.12110,2458.0,2117.0,2535.0,1446.5,4868.5,hypothetical protein  conserved,LG
Tb927.10.12350,416.0,2512.5,1115.5,219.0,1506.5,hypothetical protein  conserved,S
Tb927.10.12430,3194.5,3181.0,1765.5,1576.5,4859.5,Noc2p family  putative,LG
Tb927.10.12450,1145.5,600.5,320.5,1051.0,2128.5,SNARE domain-containing protein  putative,LG
Tb927.10.12590,9641.5,9660.0,9819.0,10401.0,6078.0,hypothetical protein  conserved,GG2M
Tb927.10.12610,2722.5,372.5,2491.0,2492.5,893.0,hypothetical protein,G1
Tb927.10.12630,399.0,1678.5,494.5,8570.0,2260.0,hypothetical protein  conserved,GG2M
Tb927.10.12900,16.0,485.0,352.5,230.5,2021.0,Complex 1 protein (LYR family)  putative,LG
Tb927.10.12960,1652.5,3200.0,2678.5,1626.5,364.0,Ras-related protein Rab5A,S
Tb927.10.12990,2161.0,1769.0,3839.0,3051.5,3843.0,predicted ankyrin repeat family protein,LG
Tb927.10.13310,825.0,4.0,43.5,872.5,364.0,DNA-directed RNA polymerase I subunit RPB5z  putative,GG2M
Tb927.10.13320,2709.0,4714.5,4377.0,3016.5,893.0,DNA-directed RNA polymerase II/III subunit  putative,S
Tb927.10.13560,5524.5,3702.0,3919.5,4473.5,5923.0,mevalonate-diphosphate decarboxylase,LG
Tb927.10.13640,2319.0,1438.5,2021.5,2279.5,364.0,hypothetical protein  conserved,G1
Tb927.10.13650,1299.0,1832.5,4516.5,5320.5,893.0,ADP-ribosylation factor-like protein 2-binding protein  putative,GG2M
Tb927.10.13680,1652.5,2608.0,1670.5,1499.5,1629.0,lipase domain protein  putative,S
Tb927.10.13770,248.5,450.5,1197.0,398.5,2200.0,hypothetical protein  conserved,LG
Tb927.10.13970,5982.0,6153.0,6048.0,8410.0,364.0,uracil-DNA glycosylase  putative,GG2M
Tb927.10.14160,595.5,281.5,277.5,9.0,893.0,Aquaglyceroporin 3,LG
Tb927.10.14180,4598.5,4714.5,3759.0,3337.5,3151.0,protein transport protein SEC13,S
Tb927.10.14200,4498.5,6018.0,5125.5,4350.0,3475.0,syntaxin 5,S
Tb927.10.14260,2221.0,1207.5,525.5,804.5,6216.5,AP-4 complex subunit sigma-1  putative,LG
Tb927.10.14290,83.5,867.0,349.0,1481.5,364.0,hypothetical protein,GG2M
Tb927.10.14390,3841.5,3776.0,5095.5,2894.0,893.0,FACT complex subunit POB3,G2M
Tb927.10.14490,483.0,33.5,265.0,987.5,2716.5,hypothetical protein  conserved,LG
Tb927.10.14510,9350.0,8169.0,8553.0,7981.5,6486.5,root hair defective 3 GTP-binding protein (RHD3)  putative,G1
Tb927.10.14680,3435.0,1337.0,1406.0,6273.5,4565.0,ribosome biogenesis protein  putative,GG2M
Tb927.10.14860,2926.5,2217.0,2952.5,931.5,2478.0,NADH-ubiquinone oxidoreductase B14 subunit,G2M
Tb927.10.14900,8100.0,5747.5,7136.5,4393.0,1113.5,hypothetical protein  conserved,G1
Tb927.10.15370,2893.5,2685.0,2854.0,1656.5,364.0,DNA-directed RNA polymerases I and III subunit RPAC1  putative,G1
Tb927.10.15510,6739.5,7162.0,6852.5,2134.5,8061.5,hypothetical protein  conserved,LG
Tb927.10.15870,1054.5,2848.5,1478.5,2807.0,5900.0,RNA binding protein  putative,LG
Tb927.10.15930,4067.0,5175.5,3192.5,4978.0,7225.5,pdz domain containing protein  putative,LG
Tb927.10.16010,4993.5,3230.0,4152.0,2734.5,6003.5,hypothetical protein,LG
Tb927.10.16090,5757.0,5049.0,3681.0,2991.0,4827.5,Mitochondrial SSU ribosomal protein  putative,G1
Tb927.10.16150,2314.5,3511.0,2462.5,926.5,5967.5,ATP-dependent zinc metallopeptidase  putative,LG
Tb927.11.160,2276.0,2729.5,4195.5,6182.0,364.0,hypothetical protein  conserved,GG2M
Tb927.11.220,5200.0,7695.5,7245.0,6238.5,3657.5,hypothetical protein  conserved,S
Tb927.11.260,6067.5,8123.5,8762.5,10432.0,5334.5,Putative intraflagellar transport protein F6,GG2M
Tb927.11.270,4158.5,2213.0,2510.0,310.5,1534.0,mitochondrial carrier protein,G1
Tb927.11.300,650.5,1740.0,1032.5,2121.0,2429.0,hypothetical protein  conserved,LG
Tb927.11.800,1690.5,2427.0,2402.5,6878.5,2209.0,prefoldin subunit  putative,GG2M
Tb927.11.870,7122.5,5663.5,5383.5,1711.0,8298.0,mitochondrial ribosomal protein l23,LG
Tb927.11.920,3800.5,2260.5,2505.0,4337.5,6117.5,hypothetical protein  conserved,LG
Tb927.11.950,3208.0,1639.0,1961.5,568.0,2072.0,RNA-binding protein  putative,G1
Tb927.11.1210,6472.5,6457.5,7739.0,8682.5,3936.0,Domain of unknown function (DUF4470)/Domain of unknown function (DUF4471)  putative,GG2M
Tb927.11.1450,7041.5,6075.5,7371.0,4476.0,7995.0,2-oxoglutarate dehydrogenase E1 component  putative,LG
Tb927.11.1560,3263.5,2292.0,3492.0,2887.5,2801.0,1 2-Dihydroxy-3-keto-5-methylthiopentene dioxygenase  putative,G2M
Tb927.11.1600,4456.0,4851.0,3919.5,4807.5,6861.5,tatD related deoxyribonuclease  putative,LG
Tb927.11.1650,3413.5,1973.0,1362.0,1965.0,5238.0,hypothetical protein  conserved,LG
Tb927.11.1740,6480.0,6689.5,7973.0,9770.0,3776.5,intraflagellar transport protein 88,GG2M
Tb927.11.1910,2714.0,2287.5,3458.5,1408.0,364.0,cation transporter protein  putative,G2M
Tb927.11.1940,5852.0,4938.0,5586.0,7340.0,5698.5,hypothetical protein  conserved,GG2M
Tb927.11.2120,3624.5,2070.0,2396.0,2846.0,6675.5,CBF/Mak21 family  putative,LG
Tb927.11.2580,2409.5,867.0,2280.5,626.0,3375.5,Present in the outer mitochondrial membrane proteome 11,LG
Tb927.11.2800,3135.5,1225.0,2609.0,3623.0,8058.5,hypothetical protein  conserved,LG
Tb927.11.2930,6689.0,4843.5,7425.0,6731.5,8492.0,membrane-associated protein  putative,LG
Tb927.11.2960,38.0,189.0,441.5,940.5,3088.0,hypothetical protein  conserved,LG
Tb927.11.3030,8589.0,8465.5,7947.0,7801.0,10151.0,phosphoribosylpyrophosphate synthetase  putative,LG
Tb927.11.3040,2264.5,2292.0,2708.0,595.0,4702.5,hypothetical protein,LG
Tb927.11.3400,2958.0,4618.0,3659.0,4467.5,364.0,hypothetical protein  conserved,S
Tb927.11.3420,5717.0,4478.5,4688.0,7455.5,3468.0,leucine-rich repeat protein (LRRP)  putative,GG2M
Tb927.11.3430,7375.0,5769.0,5289.0,2858.5,2593.5,hypothetical protein  conserved,G1
Tb927.11.3480,1419.0,965.0,2383.0,2479.5,2584.5,Sin-like protein conserved region  putative,LG
Tb927.11.3580,1645.5,182.5,281.0,4205.5,4762.5,Thiamin pyrophosphokinase  vitamin B1 binding domain containing protein  putative,LG
Tb927.11.3660,180.0,491.0,395.0,289.5,364.0,dynein light chain Tctex-type  putative,S
Tb927.11.3670,3394.5,4007.0,1661.5,2211.5,5024.0,hypothetical protein  conserved,LG
Tb927.11.3750,3902.5,5153.0,6361.0,5218.0,1113.5,NADH-cytochrome b5 reductase  putative,G2M
Tb927.11.3900,2092.0,2045.0,655.5,1249.0,3721.5,glycosyltransferase family-like protein  putative,LG
Tb927.11.4040,1988.0,1535.5,1313.5,1747.0,5373.0,hypothetical protein  conserved,LG
Tb927.11.4370,6805.0,5930.5,3833.5,1607.0,8396.0,hypothetical protein  conserved,LG
Tb927.11.4490,3957.5,5139.5,4195.5,4424.5,5468.5,long-chain-fatty-acid-CoA ligase  putative,LG
Tb927.11.4530,6366.0,4974.5,5076.5,4599.0,3978.5,N-acetyltransferase subunit ARD1,G1
Tb927.11.4670,1712.5,853.5,231.5,884.5,3831.5,hypothetical protein  conserved,LG
Tb927.11.4700,2568.0,1471.5,712.5,1717.5,6009.0,prostaglandin f synthase,LG
Tb927.11.4960,3230.0,1194.0,3090.0,1385.5,364.0,transcription elongation factor s-II  putative,G1
Tb927.11.4970,3878.0,1557.5,1770.0,4906.0,5435.0,predicted WD40 repeat protein,LG
Tb927.11.5040,757.5,1973.0,3114.5,2151.5,5773.0,leucine-rich repeat protein (LRRP)  putative,LG
Tb927.11.5050,1112.5,2165.0,2664.0,1394.5,3142.5,fumarate hydratase  class I,LG
Tb927.11.5070,7511.0,6498.0,5769.0,5589.5,7362.0,GPI ethanolamine phosphate transferase 3  putative,G1
Tb927.11.5200,866.5,516.0,1548.5,1205.0,5072.0,hypothetical protein  conserved,LG
Tb927.11.5560,5326.0,4687.0,3641.0,9775.0,893.0,hypothetical protein  conserved,GG2M
Tb927.11.5840,2494.0,2931.0,3843.0,890.0,893.0,Protein translation factor SUI1 homolog  putative,G2M
Tb927.11.6070,1388.0,403.0,433.5,367.5,1785.0,hypothetical protein  conserved,LG
Tb927.11.6100,523.0,31.0,213.5,408.5,364.0,hypothetical protein  conserved,G1
Tb927.11.6390,3091.5,1142.0,1979.0,326.0,3270.0,START domain containing protein  putative,LG
Tb927.11.6580,559.5,27.0,55.5,375.0,893.0,hypothetical protein  conserved,LG
Tb927.11.6710,97.5,335.0,1025.5,7696.0,364.0,predicted tetratricopeptide repeat (TPR) protein,GG2M
Tb927.11.6830,7614.5,7318.0,6657.0,7157.0,1803.5,Domain of unknown function(DUF2779)  putative,G1
Tb927.11.6940,109.0,6561.0,3564.0,1481.5,2982.5,hypothetical protein  conserved,S
Tb927.11.6960,303.5,629.5,53.0,620.5,893.0,ATG16/SAP18/CVT11/APG16  putative,LG
Tb927.11.7000,1061.0,295.0,186.0,763.0,2288.0,hypothetical protein  conserved,LG
Tb927.11.7214,1573.0,836.5,1074.0,1643.0,1904.0,hypothetical protein  conserved,LG
Tb927.11.7430,2406.0,2423.0,3267.5,2091.5,893.0,hypothetical protein  conserved,G2M
Tb927.11.7540,7557.0,5991.0,5590.5,3662.5,2798.5,electron-transfer-flavoprotein  alpha polypeptide  putative,G1
Tb927.11.7600,2550.0,874.5,1817.0,1567.5,4785.0,hypothetical protein  conserved,LG
Tb927.11.7810,406.0,106.5,76.5,789.5,364.0,hypothetical protein,GG2M
Tb927.11.7840,3715.5,2625.0,4683.0,5026.0,364.0,ribonucleoside-diphosphate reductase large chain,GG2M
Tb927.11.7930,4233.0,1726.5,2697.5,2194.5,364.0,RNA polymerase B subunit RPB8  putative,G1
Tb927.11.8040,590.0,445.0,1203.5,253.0,893.0,LSU ribosomal protein  mitochondrial  putative,G2M
Tb927.11.8440,2534.5,1276.0,2007.0,1662.0,4224.0,haloacid dehalogenase-like hydrolase  putative,LG
Tb927.11.9040,3230.0,4156.0,3065.5,2589.5,6213.0,conserved protein,LG
Tb927.11.9160,7403.0,9129.0,10332.0,7716.0,893.0,ATPase-like protein  putative,G2M
Tb927.11.9220,2910.5,3992.5,3407.0,4213.0,893.0,proteasome regulatory non-ATP-ase subunit 2,GG2M
Tb927.11.9740,327.0,1027.0,240.5,67.5,364.0,tRNA intron endonuclease  catalytic C-terminal domain containing protein  putative,S
Tb927.11.9760,5.0,1032.0,610.5,1171.0,1590.0,hypothetical protein  conserved,LG
Tb927.11.9930,3514.5,3949.0,4407.5,187.5,2173.5,NADH dehydrogenase (ubiquinone) 1 beta subcomplex subunit  putative,G2M
Tb927.11.9940,4969.0,2011.0,1803.0,5778.0,3818.0,hypothetical protein  conserved,GG2M
Tb927.11.10000,1350.0,2836.0,859.5,643.5,2561.5,Charged multivesicular body protein 3  putative,S
Tb927.11.10060,2659.0,2406.5,3291.0,4089.5,364.0,Biotin--acetyl-CoA-carboxylase ligase  putative,GG2M
Tb927.11.10080,843.0,345.0,81.0,1229.5,3558.5,LSU ribosomal protein  mitochondrial  putative,LG
Tb927.11.10220,6708.5,6643.5,7204.0,6339.5,2660.0,hypothetical protein  conserved,G2M
Tb927.11.10300,2057.5,366.0,1713.5,2374.5,2591.0,hypothetical protein  conserved,LG
Tb927.11.10410,881.0,917.0,869.0,2426.0,2418.5,Cornichon protein  putative,GG2M
Tb927.11.10430,5982.0,5398.0,5780.5,8055.0,893.0,hypothetical protein  conserved,GG2M
Tb927.11.10510,3179.0,1832.5,1776.0,163.5,364.0,ubiquinone biosynthesis methyltransferase  putative,G1
Tb927.11.10640,4044.0,2457.0,2301.0,1957.5,8322.5,DNA-(apurinic or apyrimidinic site) lyase  putative,LG
Tb927.11.10890,6610.5,6001.5,5575.5,5001.0,6560.0,hypothetical protein  conserved,G1
Tb927.11.10970,2281.0,1075.0,1640.0,3860.5,8456.0,RWD domain/Uncharacterized protein family UPF0029  putative,LG
Tb927.11.11130,301.5,3546.0,90.0,966.5,1737.5,hypothetical protein  conserved,S
Tb927.11.11240,3927.5,5123.5,3345.5,7265.5,2461.5,hypothetical protein  conserved,GG2M
Tb927.11.11310,54.0,156.5,773.5,342.5,3783.0,hypothetical protein  conserved,LG
Tb927.11.11440,1708.5,2713.5,4091.5,3947.0,893.0,A/G-specific adenine glycosylase  putative,G2M
Tb927.11.11760,2645.5,655.0,1616.0,2211.5,893.0,hypothetical protein  conserved,G1
Tb927.11.11780,3909.0,5037.0,3257.5,2626.5,7920.0,acyl-CoA dehydrogenase  putative,LG
Tb927.11.12080,931.5,2836.0,1313.5,1102.0,364.0,N-acetyl-D-glucosaminylphosphatidylinositol de-N-acetylase,S
Tb927.11.12120,1123.0,1276.0,2224.0,2177.0,4511.5,RNA-binding protein  putative,LG
Tb927.11.12140,7499.0,6539.5,8493.0,1868.5,364.0,hypothetical protein,G2M
Tb927.11.12350,5527.5,5738.5,4124.5,4514.5,8056.0,DNA photolyase  putative,LG
Tb927.11.12570,4754.5,4869.0,5310.5,3919.5,4062.0,kinetoplastid-specific dual specificity phosphatase  putative,G2M
Tb927.11.12950,4582.5,3346.5,5178.5,3873.0,8629.5,ras-like small GTPase  putative,LG
Tb927.11.13120,2135.5,1552.0,1328.0,706.0,6036.0,PUB domain containing protein  putative,LG
Tb927.11.13230,4277.0,2889.0,3048.5,2894.0,2820.0,VAMP-associated protein  putative,G1
Tb927.11.13300,6515.5,5637.0,7462.0,9696.0,4332.0,Intraflagellar transport protein 25,GG2M
Tb927.11.13410,2851.0,4865.5,3734.0,4864.5,364.0,hypothetical protein  conserved,S
Tb927.11.13570,72.5,550.5,417.5,772.5,893.0,hypothetical protein  conserved,LG
Tb927.11.13710,543.5,1109.5,623.5,4217.5,364.0,hypothetical protein  conserved,GG2M
Tb927.11.13800,3741.0,5372.0,4971.5,2147.0,4035.0,hypothetical protein  conserved,S
Tb927.11.13830,6281.5,3017.0,4573.0,5855.0,8746.0,DnaJ domain containing protein  putative,LG
Tb927.11.13970,3347.0,4710.0,5148.0,3418.0,7682.0,Pab1p-dependent poly(A) ribonuclease subunit  putative,LG
Tb927.11.14150,420.0,93.0,69.0,731.5,364.0,pre-mRNA splicing factor  putative,GG2M
Tb927.11.14310,4316.5,3121.5,1791.5,1847.5,364.0,small nuclear ribonucleoprotein Sm-G,G1
Tb927.11.14330,6748.0,7122.0,6133.5,7150.0,3907.5,HECT-domain (ubiquitin-transferase)  putative,GG2M
Tb927.11.14390,2190.5,3574.5,2007.0,3566.5,3598.0,hypothetical protein  conserved,LG
Tb927.11.14570,3343.0,5099.0,3070.5,2358.5,7807.0,LicD family  putative,LG
Tb927.11.14690,2350.0,3294.5,1527.5,342.5,364.0,Microtubule-binding protein MIP-T3  putative,S
Tb927.11.14810,1840.0,1726.5,2910.0,483.5,1436.0,hypothetical protein  conserved,G2M
Tb927.11.14880,3461.0,7298.0,7010.5,10271.0,893.0,Paraflagellar Rod Proteome Component 9  putative,GG2M
Tb927.11.14890,2468.5,2906.5,2265.5,4648.0,5128.0,DNA polymerase alpha/epsilon subunit B  putative,LG
Tb927.11.15020,3953.5,4041.5,3508.0,3601.0,4146.5,iron superoxide dismutase,LG
Tb927.11.15090,4412.0,5769.0,5063.5,2336.0,4148.5,hypothetical protein  conserved,S
Tb927.11.15490,1993.5,516.0,905.5,2932.0,2056.0,Tb-291 membrane associated protein  putative,GG2M
Tb927.11.15510,3003.0,2872.0,4141.5,4107.0,7493.0,hypothetical protein  conserved,LG
Tb927.11.15760,1275.5,1512.0,697.5,67.5,3186.5,GPI transamidase subunit Tta1,LG
Tb927.11.16200,3875.5,4137.5,3428.0,2032.5,364.0,cytoskeleton-associated protein 17,S
Tb927.11.16270,4495.5,5372.0,3158.0,4305.5,8635.0,TFIIH basal transcription factor complex helicase XPB subunit  putative,LG
Tb927.11.16290,3080.0,4134.5,2336.0,2198.0,4184.5,AUT2/APG4/ATG4 cysteine peptidase  putative,LG
Tb927.11.16720,3140.5,3687.5,5493.5,4538.5,5370.0,mitotic cyclin 6,G2M
Tb927.11.16830,5176.0,5710.5,3624.0,7104.0,3145.5,Rab-like 5  small G protein,GG2M
Tb927.1.730,3127.5,3816.0,3718.0,8851.5,893.0,NADH-ubiquinone oxidoreductase complex I subunit  putative,GG2M
Tb927.1.740,703.0,1704.0,374.0,1785.5,364.0,phosphatidylinositol-4-phosphate 5-kinase related,GG2M
Tb927.1.780,4247.5,2940.0,1911.5,4929.0,5442.0,leucine-rich repeat-containing protein,LG
Tb927.1.990,2013.0,2248.0,3435.5,2056.5,5901.5,Enkuring domain-containig protein,LG
Tb927.1.1000,798.0,205.5,494.5,423.5,893.0,developmentally regulated phosphoprotein,LG
Tb927.1.1100,2013.0,2806.0,3371.0,6990.0,3241.0,Basal body protein,GG2M
Tb927.1.1140,2298.5,884.5,478.5,1679.5,364.0,Transmembrane protein 231  putative,G1
Tb927.1.1420,7448.0,5392.0,4279.0,6824.0,3218.5,conserved protein  unknown function,G1
Tb927.1.1660,628.5,8.0,209.0,585.5,2950.0,ESCO acetyltransferase domain-containing protein,LG
Tb927.1.1680,1237.5,89.0,343.5,338.0,2302.5,Transcription elongation factor 1 domain-containing protein,LG
Tb927.1.2230,1432.0,1572.0,2692.0,1750.0,5911.0,small myristoylated protein 1-1,LG
Tb927.1.2570,3369.5,3127.5,3796.5,1584.0,364.0,coatomer beta subunit,G2M
Tb927.1.2740,4866.5,1518.0,3697.0,2109.0,5736.5,lipase-like protein  putative,LG
Tb927.1.2760,1815.0,1409.0,1406.0,247.5,3519.5,hypothetical protein,LG
Tb927.1.2985,289.0,166.5,642.0,667.5,3056.5,ER protein Pkr1  putative,LG
Tb927.1.3000,3944.5,4438.5,4448.5,5662.5,5046.5,amidohydrolase  putative,GG2M
Tb927.1.3820,307.5,1112.0,1556.0,2791.5,5532.0,ATP synthase subunit  putative,LG
Tb927.1.4160,327.0,43.0,1929.0,332.5,893.0,hypothetical protein  conserved,G2M
Tb927.1.4400,2875.5,1568.5,2647.5,687.5,364.0,hypothetical protein  conserved,G1
Tb927.1.4830,622.5,1112.0,2325.5,3072.5,5281.0,phospholipase A1,LG
Tb927.1.5240,746.0,2252.0,2078.5,187.5,1939.5,expression site-associated gene 1 (ESAG1) protein  putative,S
Tb927.6.350,2221.0,1487.5,105.5,1417.5,364.0,hypothetical protein  conserved,G1
Tb927.6.630,6686.5,4438.5,4757.5,3491.0,6883.0,hypothetical protein  conserved,LG
Tb927.6.840,772.5,1704.0,2411.0,6771.0,2759.5,hypothetical protein  conserved,GG2M
Tb927.6.850,8272.0,6707.0,6505.5,7719.0,4357.5,ccr4-not transcription complex subunit 2,G1
Tb927.6.1130,4582.5,3702.0,5474.5,2399.0,364.0,hypothetical protein  conserved,G2M
Tb927.6.1170,1501.5,237.5,743.0,2211.5,4690.5,Aph-1 protein  putative,LG
Tb927.6.1230,4544.0,5365.5,3077.5,3504.0,1113.5,kinetoplastid-specific phospho-protein phosphatase,S
Tb927.6.1270,1023.0,554.5,1007.5,2225.5,364.0,PITH domain-containing protein,GG2M
Tb927.6.1350,5973.0,6382.0,8272.5,4298.5,7158.5,Trypanosomal VSG domain containing protein  putative,G2M
Tb927.6.1530,720.0,172.5,2.0,107.5,893.0,Glutamine amidotransferase class-I  putative,LG
Tb927.6.1550,2118.5,5128.0,4767.5,1662.0,1785.0,Leucine-rich repeat  ribonuclease inhibitor subtype domain-containing protein,S
Tb927.6.1630,4900.0,3721.5,3955.5,7743.5,2043.0,hypothetical protein  conserved,GG2M
Tb927.6.1660,3140.5,2233.0,3950.0,7988.0,1381.5,hypothetical protein  conserved,GG2M
Tb927.6.1770,1546.5,2478.5,5175.5,6471.0,4042.5,kinesin  putative,GG2M
Tb927.6.1810,5356.5,3673.0,3413.5,2553.0,1980.5,Alpha/beta hydrolase family  putative,G1
Tb927.6.1820,1501.5,1348.0,1078.5,2418.5,1685.0,dolichyl pyrophosphate phosphatase  putative,GG2M
Tb927.6.1860,9818.0,10033.0,10098.0,9017.0,7528.0,conserved protein,G2M
Tb927.6.1990,88.0,278.0,1101.5,234.5,893.0,hypothetical protein  conserved,G2M
Tb927.6.2000,5625.5,3618.0,3284.0,5810.5,9679.0,spliceosome-associated protein  putative,LG
Tb927.6.2040,3733.0,758.5,3263.0,4480.5,7863.0,nitrate reductase  putative,LG
Tb927.6.2060,5031.5,1962.0,1454.0,3478.5,5050.5,histidyl-tRNA synthetase,LG
Tb927.6.2070,4436.5,3317.0,4941.5,2311.5,4142.5,hypothetical protein  conserved,G2M
Tb927.6.2090,3422.0,6089.0,5199.0,6060.5,2274.5,pdz domain containing protein  putative,S
Tb927.6.2130,2751.5,1271.5,917.5,437.5,5247.0,nuclear movement protein  putative,LG
Tb927.6.2170,1612.5,3399.0,1655.0,6007.0,364.0,co-chaperone GrpE  putative,GG2M
Tb927.6.2200,5078.0,3325.5,3200.5,5771.0,7107.5,DJ-1 family protein  putative,LG
Tb927.6.2240,643.5,1905.0,2062.0,2980.5,364.0,hypothetical protein  conserved,GG2M
Tb927.6.2280,2969.5,6938.5,6300.0,7162.5,2061.0,prefoldin subunit  putative,GG2M
Tb927.6.2390,1156.5,1973.0,1937.5,1945.5,4859.5,conserved hypothetical protein  putative,LG
Tb927.6.2480,790.5,3506.0,3048.5,3513.0,1327.5,chaperone protein DnaJ  putative,GG2M
Tb927.6.2500,371.5,15.0,833.0,29.0,364.0,RF-1 domain containing protein  putative,G2M
Tb927.6.2740,3451.5,6362.0,4676.0,5218.0,6150.5,pyridoxal kinase,S
Tb927.6.2820,2797.5,729.5,1259.0,3231.0,1700.5,hypothetical protein  conserved,GG2M
Tb927.6.2840,3878.0,2995.5,5338.5,5933.0,7828.0,Serine/threonine-protein kinase RIO2  putative,LG
Tb927.6.2950,3365.0,1860.5,3938.5,3037.0,1402.5,hypothetical protein,G2M
Tb927.6.3040,1478.0,1929.0,1161.0,1637.0,2251.0,small GTP-binding protein Rab28  putative,LG
Tb927.6.3180,3301.5,3651.0,4338.0,4943.0,9477.0,hypothetical protein  conserved,LG
Tb927.6.3290,1968.5,2592.0,1990.5,3123.0,1480.0,intraflagellar transport protein 20,GG2M
Tb927.6.3480,1724.0,1190.5,2459.5,3041.0,1859.5,RNA-binding protein  putative,GG2M
Tb927.6.3500,9037.0,8746.0,9867.0,9850.5,8189.0,endosomal trafficking protein RME-8  putative,G2M
Tb927.6.3690,3161.5,5161.0,4169.0,4065.0,8251.0,pre-mRNA cleavage complex II Clp1-like  conserved,LG
Tb927.6.3740,6475.0,5967.5,5845.0,3834.5,6910.0,heat shock 70 kDa protein  mitochondrial precursor  putative,LG
Tb927.6.3840,6902.5,7406.0,8384.5,5077.5,8303.0,reticulon domain protein,G2M
Tb927.6.3860,6596.5,7623.5,8487.0,8578.0,8505.5,leucyl/phenylalanyl-tRNA protein transferase  putative,GG2M
Tb927.6.3910,402.0,58.0,1074.0,1847.5,2968.0,hypothetical protein  conserved,LG
Tb927.6.4240,3703.5,4625.5,2786.5,5466.5,364.0,hypothetical protein  conserved,GG2M
Tb927.6.4420,4071.0,2143.0,1542.0,29.0,4707.0,tRNA (Guanine-1)-methyltransferase  putative,LG
Tb927.6.4500,3885.0,3181.0,3628.0,4738.0,4066.5,conserved repeat domain containing protein  putative,GG2M
Tb927.6.4570,242.0,1464.0,781.5,403.0,364.0,hypothetical protein  conserved,S
Tb927.6.4590,2285.0,3569.0,2170.0,3051.5,5379.5,glutamyl-tRNA synthetase  putative,LG
Tb927.6.4600,3135.5,6618.0,4443.5,3540.5,1264.0,pre-mRNA splicing factor ATP-dependent RNA helicase  putative,S
Tb927.6.4670,2013.0,1893.5,4525.0,1945.5,364.0,MORN repeat-containing protein 1,G2M
Tb927.3.610,2984.5,3174.0,2768.0,1347.5,4367.0,N-acetyltransferase complex ARD1 subunit  putative,LG
Tb927.3.660,1285.0,703.5,895.0,3180.0,5358.5,hypothetical protein  conserved,LG
Tb927.3.740,2954.5,3116.0,2622.5,7101.0,2774.0,ZFP family member  putative,GG2M
Tb927.3.900,1760.0,729.5,1101.5,20.5,364.0,PUB domain containing protein  putative,G1
Tb927.3.1560,4056.5,2274.5,3257.5,3588.0,2466.5,TRF-Interacting Factor 2,G1
Tb927.3.1780,190.5,947.5,494.5,612.5,893.0,U6 snRNA-associated Sm-like protein LSm8p,S
Tb927.3.1810,1885.0,1444.5,533.5,1164.5,5088.0,hypothetical protein  conserved,LG
Tb927.3.1840,918.5,806.5,1032.5,1804.5,5406.5,3-oxo-5-alpha-steroid 4-dehydrogenase  putative,LG
Tb927.3.2230,1472.0,2824.5,1397.0,2062.5,2377.0,succinyl-CoA synthetase alpha subunit  putative,S
Tb927.3.2480,2659.0,1690.5,2529.5,1824.5,893.0,Arv1-like family  putative,G1
Tb927.3.2790,10017.0,9760.0,10179.0,10186.0,3307.5,leucine-rich repeat protein (LRRP)  putative,GG2M
Tb927.3.2820,4715.0,2542.0,3829.0,4190.0,1909.5,TFIIF-stimulated CTD phosphatase  putative,G1
Tb927.3.2860,172.5,1856.0,1661.5,1711.0,364.0,hypothetical protein  conserved,S
Tb927.3.2930,6894.0,5057.5,7715.5,5014.5,4097.0,RNA-binding protein RBP6  putative,G2M
Tb927.3.2970,299.0,407.5,996.0,635.0,2888.5,hypothetical protein  conserved,LG
Tb927.3.3030,2309.0,3823.5,1879.0,6950.0,893.0,phosphatidylcholine transfer protein  putative,GG2M
Tb927.3.3060,4681.5,4365.5,6364.0,2632.0,3145.5,hypothetical protein  conserved,G2M
Tb927.3.3330,1075.5,166.5,58.0,626.0,1983.5,heat shock protein 20  putative,LG
Tb927.3.3450,33.5,102.5,927.5,10127.0,364.0,ADP-ribosylation factor-like protein 3  putative,GG2M
Tb927.3.3470,4650.5,2423.0,3179.0,2406.5,2654.0,cytochrome b5  putative,G1
Tb927.3.3490,1162.5,2302.0,552.0,3472.0,364.0,High mobility group protein TDP1,GG2M
Tb927.3.3500,2031.5,6412.0,3496.0,128.0,1113.5,hypothetical protein  conserved,S
Tb927.3.3510,1859.5,3084.5,2280.5,4196.5,1530.0,hypothetical protein  conserved,GG2M
Tb927.3.3540,3957.5,4488.0,5989.0,7863.0,364.0,Nucleoporin NUP53b,GG2M
Tb927.3.3570,643.5,1455.0,1346.0,1828.5,4057.0,hypothetical protein  conserved,LG
Tb927.3.3680,3818.5,2267.5,2664.0,4848.0,1443.0,hypothetical protein  conserved,GG2M
Tb927.3.3750,2793.0,4554.0,5939.0,6561.5,893.0,paraflagellar rod component  putative,GG2M
Tb927.3.4100,4854.5,3955.0,3478.5,2386.5,3499.0,Pyruvate transporter  putative,G1
Tb927.3.4240,83.5,1366.5,1052.5,1742.5,2769.5,thioredoxin  putative,LG
Tb927.3.4520,1722.0,1321.5,167.0,9.0,5423.0,hypothetical protein  conserved,LG
Tb927.3.4590,426.0,340.0,494.5,58.0,2002.0,hypothetical protein  conserved,LG
Tb927.3.4890,2140.0,1059.5,3560.0,285.0,3628.0,ubiquinone biosynthesis protein COQ7 homolog  putative,LG
Tb927.3.5070,2092.0,3583.5,5804.0,3951.0,2812.0,hypothetical protein  conserved,G2M
Tb927.3.5170,2730.5,4912.0,3674.5,5158.0,1485.0,mediator of rna polymerase ii transcription subunit 3,GG2M
Tb927.3.5280,3115.5,2123.5,2175.5,4428.0,5570.5,spliceosome-associated protein 49  putative,LG
Tb927.3.5300,1567.5,12.0,404.5,994.0,364.0,hypothetical protein  conserved,G1
Tb927.3.5350,8759.5,9626.0,9646.5,9031.5,7418.0,hypothetical protein  conserved,G2M
Tb927.3.5390,2989.0,1919.0,2102.0,2791.5,1436.0,Ring finger domain containing protein  putative,G1
Tb927.3.5500,628.5,68.5,662.5,2654.0,2234.5,DNA-directed RNA polymerase II subunit 3  putative,GG2M
Tb927.3.5580,4377.5,4148.5,4968.5,7434.0,3769.0,tryptophanyl-tRNA synthetase,GG2M
Tb927.3.5620,7558.0,7583.0,9013.0,9745.0,2818.0,Facilitates chromatin transcription complex subunit spt16,GG2M
Tb927.3.5660,1259.5,1397.5,2840.0,915.0,2741.5,UDP-GlcNAc:alpha3-D-mannoside beta-1 2-N-acetylglucosaminyltransferase I,G2M
Tb927.2.1890,102.5,216.0,177.5,361.5,893.0,E2-like ubiquitin-conjugation enzyme,LG
Tb927.2.2830,7287.5,9188.0,9498.5,8830.5,6669.5,hypothetical protein  conserved,G2M
Tb927.2.2920,4605.5,5087.0,5746.5,392.5,1587.0,UAA transporter family  putative,G2M
Tb927.2.3190,6562.0,6401.5,8113.0,9196.0,9371.0,Got1/Sft2-like family  putative,LG
Tb927.2.3960,4654.0,3246.5,2213.5,2406.5,1571.0,chaperone protein DnaJ  putative,G1
Tb927.2.4445,931.5,372.5,1713.5,110.0,1995.5,hypothetical protein  conserved,LG
Tb927.2.4460,6683.0,5202.5,5999.5,5771.0,3114.0,Kinetoplast ribosomal PPR-repeat containing protein 21,G1
Tb927.2.4520,4193.5,4294.5,5326.5,9795.0,3528.0,hypothetical protein  conserved,GG2M
Tb927.2.4550,5395.0,3998.0,3938.5,1965.0,3116.0,2'-O-ribose RNA methyltransferase SPB1 homolog,G1
Tb927.2.4560,8366.0,5949.5,4750.5,6897.5,1862.0,Rab-GTPase-TBC domain containing protein  putative,G1
Tb927.2.4580,7955.0,6352.5,9264.5,6900.0,7279.0,UNC119,G2M
Tb927.2.4800,4575.0,3283.0,3141.0,5355.5,3191.5,hypothetical protein  conserved,GG2M
Tb927.2.5120,896.5,1580.5,374.0,1038.5,1113.5,Vesicle-associated membrane protein 7,S
Tb927.2.5140,1948.0,2625.0,2998.0,4924.5,2978.0,hypothetical protein  conserved,GG2M
Tb927.2.5160,2841.5,2693.0,3134.0,2164.5,3296.0,chaperone protein DnaJ  putative,LG
Tb927.2.5240,3962.5,3730.5,5215.0,9171.5,1113.5,pre-mRNA splicing factor 19,GG2M
Tb927.2.5890,3018.5,3234.5,4460.5,2225.5,1113.5,hypothetical protein  conserved,G2M
Tb927.2.6090,1543.5,380.0,839.5,1144.5,3912.5,60S ribosomal protein L44,LG
